{
  "vars": {
    "@brand-primary": "#018156",
    "@font-family-sans-serif": "'OpenLight-Light', 'Roboto', Helvetica, Arial, sans-serif"
  },
  "css": [
    "type.less",
    "code.less",
    "grid.less",
    "tables.less",
    "forms.less",
    "buttons.less",
    "glyphicons.less",
    "button-groups.less",
    "input-groups.less",
    "navs.less",
    "breadcrumbs.less",
    "pagination.less",
    "pager.less",
    "labels.less",
    "badges.less",
    "jumbotron.less",
    "thumbnails.less",
    "alerts.less",
    "progress-bars.less",
    "media.less",
    "list-group.less",
    "panels.less",
    "wells.less",
    "close.less",
    "dropdowns.less",
    "tooltip.less",
    "popovers.less",
    "modals.less",
    "utilities.less",
    "responsive-utilities.less",
    "component-animations.less"
  ],
  "js": [
    "alert.js",
    "button.js",
    "carousel.js",
    "dropdown.js",
    "modal.js",
    "tooltip.js",
    "popover.js",
    "tab.js",
    "affix.js",
    "collapse.js",
    "scrollspy.js",
    "transition.js"
  ]
}